threshold,precision,recall,specificity,f1,accuracy,fpr,fnr
0.2,0.2743362831858407,0.9841269841269841,0.12299465240641712,0.4290657439446367,0.34,0.8770053475935828,0.015873015873015872
0.25,0.29453681710213775,0.9841269841269841,0.20588235294117646,0.453382084095064,0.402,0.7941176470588235,0.015873015873015872
0.3,0.3168831168831169,0.9682539682539683,0.2967914438502674,0.4774951076320939,0.466,0.7032085561497327,0.031746031746031744
0.35,0.3380681818181818,0.9444444444444444,0.3770053475935829,0.497907949790795,0.52,0.6229946524064172,0.05555555555555555
0.4,0.3630769230769231,0.9365079365079365,0.446524064171123,0.5232815964523282,0.57,0.553475935828877,0.06349206349206349
0.45,0.3716216216216216,0.873015873015873,0.5026737967914439,0.5213270142180095,0.596,0.49732620320855614,0.12698412698412698
0.5,0.4053030303030303,0.8492063492063492,0.5802139037433155,0.5487179487179488,0.648,0.4197860962566845,0.15079365079365079
0.55,0.42857142857142855,0.7857142857142857,0.6470588235294118,0.5546218487394958,0.682,0.35294117647058826,0.21428571428571427
0.6,0.4666666666666667,0.7222222222222222,0.7219251336898396,0.5669781931464174,0.722,0.27807486631016043,0.2777777777777778
0.65,0.512987012987013,0.626984126984127,0.7994652406417112,0.5642857142857143,0.756,0.20053475935828877,0.373015873015873
0.7,0.5585585585585585,0.49206349206349204,0.8689839572192514,0.5232067510548524,0.774,0.13101604278074866,0.5079365079365079
